City, City Code, NUTS 2, Country,Year,E_Life_expextancy_at_birth,E_Med_Doctors_per_100000,Gender_Employment_Gap,Education Attainment ED 0-2,Education Attainment ED 3-4,Education Attainment ED 5-8,Deaths_in_road_accidents,heatdays_hdd,Average Working Hours,Pollution,QOL,heatdays_cdd,Unemployment_Rate
Amsterdam,NL002C1,NL32,NL,2013,81.5,444.45,9.5,21.0,39.8,39.2,26.0,3005.27,30.2,18.59,,7.28,7.2
Amsterdam,NL002C1,NL32,NL,2014,81.8,459.83,11.7,21.2,38.0,40.8,26.0,2257.99,30.4,33.81,,6.81,6.9
Amsterdam,NL002C1,NL32,NL,2015,81.6,468.24,9.9,20.2,38.2,41.6,28.0,2601.07,30.3,34.21,164.92,12.22,6.2
Amsterdam,NL002C1,NL32,NL,2016,81.6,473.12,10.2,19.8,37.3,42.9,31.0,2642.52,30.7,38.91,181.46,9.78,5.5
Amsterdam,NL002C1,NL32,NL,2017,82.0,477.75,8.5,18.4,37.2,44.4,29.0,2501.11,30.8,32.08,176.19,2.4,4.5
Amsterdam,NL002C1,NL32,NL,2018,82.1,482.64,7.4,18.1,36.6,45.4,32.0,2524.38,30.9,30.1,179.2,18.95,3.8
Antwerp,BE002C1,BE2,BE,2014,82.2,248.37,10.6,23.9,38.9,37.2,63.0,2117.72,37.4,77.59,,9.21,5.1
Antwerp,BE002C1,BE2,BE,2015,82.0,252.22,8.4,22.9,39.9,37.2,61.0,2451.94,37.4,64.77,,23.77,5.2
Antwerp,BE002C1,BE2,BE,2016,82.4,260.59,11.0,22.6,39.5,37.9,52.0,2520.37,37.3,65.33,,22.5,4.8
Antwerp,BE002C1,BE2,BE,2017,82.4,263.1,11.7,20.6,38.6,40.8,46.0,2396.57,38.1,65.01,,15.63,4.4
Antwerp,BE002C1,BE2,BE,2018,82.5,267.44,9.7,19.0,39.9,41.1,47.0,2392.04,37.6,58.74,,36.1,3.4
Athens,EL001C1,EL30,EL,2012,80.6,742.9,15.7,22.5,44.1,33.4,59.0,1191.49,40.6,140.0,-35.53,708.28,25.8
Athens,EL001C1,EL30,EL,2013,81.1,746.6,16.1,20.8,44.0,35.2,54.0,982.32,40.6,71.78,31.7,588.61,28.7
Athens,EL001C1,EL30,EL,2014,81.1,753.88,15.5,20.0,43.6,36.3,47.0,934.17,40.3,59.82,43.14,494.95,27.4
Athens,EL001C1,EL30,EL,2015,80.7,753.96,15.1,18.0,44.9,37.0,54.0,1146.14,40.3,58.14,57.36,516.64,25.2
Athens,EL001C1,EL30,EL,2016,81.0,807.88,16.4,18.0,44.0,38.0,53.0,1006.84,40.6,62.74,138.01,575.88,23.0
Athens,EL001C1,EL30,EL,2017,80.9,791.92,17.0,17.2,44.4,38.4,43.0,1131.1,40.5,67.46,125.52,558.45,21.6
Athens,EL001C1,EL30,EL,2018,81.3,791.98,20.1,17.2,43.5,39.3,48.0,954.89,40.6,62.74,120.62,521.43,19.9
Barcelona,ES002C1,ES51,ES,2012,82.8,396.55,7.4,44.9,22.3,32.8,45.0,1974.14,37.8,118.0,,205.78,22.5
Barcelona,ES002C1,ES51,ES,2013,83.4,421.15,7.1,43.9,21.2,34.8,36.0,2064.24,37.6,75.86,81.53,117.45,23.1
Barcelona,ES002C1,ES51,ES,2014,83.6,399.62,6.9,42.6,20.4,37.0,37.0,1680.75,37.6,70.94,83.25,122.33,20.3
Barcelona,ES002C1,ES51,ES,2015,83.4,358.91,9.4,41.2,21.2,37.5,39.0,1754.89,37.7,73.16,93.26,225.79,18.6
Barcelona,ES002C1,ES51,ES,2016,83.9,326.11,9.4,39.6,21.9,38.6,38.0,1730.05,37.5,70.97,158.99,203.51,15.7
Barcelona,ES002C1,ES51,ES,2017,83.6,350.72,9.2,39.2,21.5,39.3,38.0,1745.42,37.4,69.43,147.64,237.3,13.4
Barcelona,ES002C1,ES51,ES,2018,83.7,408.41,9.4,37.6,21.6,40.8,44.0,1812.34,37.7,69.84,135.19,221.51,11.5
Berlin,DE001C1,DE30,DE,2012,80.5,485.05,6.2,14.8,48.0,37.2,13.0,3011.75,35.8,40.0,215.25,24.13,10.4
Berlin,DE001C1,DE30,DE,2013,80.5,479.59,5.4,15.1,47.9,36.9,11.0,3121.05,35.6,27.9,213.5,47.84,10.4
Berlin,DE001C1,DE30,DE,2014,80.9,492.04,4.8,14.7,49.2,36.1,15.0,2531.03,35.7,28.04,173.06,51.8,9.8
Berlin,DE001C1,DE30,DE,2015,80.5,524.73,5.3,15.1,48.3,36.6,14.0,2705.58,35.5,28.61,170.63,80.51,9.5
Berlin,DE001C1,DE30,DE,2016,80.9,529.14,6.0,13.8,47.1,39.1,16.0,2876.41,35.7,38.05,177.4,36.66,7.8
Berlin,DE001C1,DE30,DE,2017,81.2,534.53,6.9,13.7,45.7,40.5,10.0,2820.41,35.4,42.15,174.73,10.58,7.0
Berlin,DE001C1,DE30,DE,2018,80.8,542.38,6.5,12.9,44.9,42.1,12.0,2670.19,35.5,41.32,172.32,103.11,6.1
Bologna,IT009C1,ITH5,IT,2013,83.4,410.05,14.4,36.6,45.5,17.8,79.0,2103.91,37.5,25.29,,230.82,8.4
Bologna,IT009C1,ITH5,IT,2014,83.7,410.89,15.6,35.4,45.8,18.7,74.0,1635.51,37.4,49.93,,99.21,8.4
Bologna,IT009C1,ITH5,IT,2015,83.2,405.48,15.4,34.6,45.1,20.3,73.0,1975.88,37.6,47.24,,317.08,7.8
Bologna,IT009C1,ITH5,IT,2016,83.7,419.09,13.7,33.6,45.7,20.7,69.0,2008.17,37.5,54.57,,224.62,7.0
Bologna,IT009C1,ITH5,IT,2017,83.6,422.31,14.2,33.0,45.8,21.2,85.0,2000.64,37.8,49.68,,310.29,6.6
Brasov,RO504C1,RO12,RO,2015,75.5,284.48,19.3,25.4,56.9,17.8,92.0,3260.03,40.4,19.87,108.43,44.14,7.4
Brasov,RO504C1,RO12,RO,2017,75.9,301.5,19.0,20.4,61.7,17.9,94.0,3375.04,40.2,22.91,,39.18,4.2
Brasov,RO504C1,RO12,RO,2018,75.8,312.62,22.1,20.6,61.3,18.1,95.0,3062.37,40.2,21.42,,5.51,4.2
Bratislava,SK001C1,SK01,SK,2013,78.1,686.72,12.0,4.9,57.7,37.5,29.0,2811.43,41.7,33.91,108.53,127.19,6.4
Bratislava,SK001C1,SK01,SK,2014,78.7,678.22,14.0,4.6,56.4,39.0,50.0,2326.38,41.5,43.67,,41.77,6.0
Bratislava,SK001C1,SK01,SK,2015,78.5,666.37,11.8,4.9,57.6,37.5,48.0,2655.52,41.8,44.94,109.19,191.31,5.7
Bratislava,SK001C1,SK01,SK,2016,78.9,655.75,10.7,4.3,56.7,39.0,44.0,2795.35,41.8,44.17,156.11,51.89,5.1
Bratislava,SK001C1,SK01,SK,2017,78.6,635.4,6.8,3.8,53.5,42.7,39.0,2828.67,41.2,41.9,157.23,135.58,4.2
Bratislava,SK001C1,SK01,SK,2018,78.8,643.6,9.7,3.9,52.3,43.8,32.0,2548.03,41.1,42.04,154.15,112.69,2.9
Brno,CZ002C1,CZ06,CZ,2012,77.0,343.75,17.4,5.6,73.6,20.8,61.0,3332.43,40.9,68.0,90.44,43.95,7.6
Brno,CZ002C1,CZ06,CZ,2013,77.1,343.31,17.1,6.0,71.4,22.6,63.0,3446.91,40.4,41.02,116.45,59.31,6.8
Brno,CZ002C1,CZ06,CZ,2014,77.6,,17.2,5.9,70.8,23.3,70.0,2888.71,40.6,41.02,116.97,18.11,6.0
Brno,CZ002C1,CZ06,CZ,2015,77.5,,16.9,5.4,70.3,24.3,78.0,3066.75,40.6,41.05,122.87,119.31,4.9
Brno,CZ002C1,CZ06,CZ,2016,78.0,,16.7,4.6,69.8,25.6,51.0,3230.51,40.4,43.27,172.38,16.75,3.7
Brno,CZ002C1,CZ06,CZ,2017,77.8,,15.4,5.1,69.4,25.5,61.0,3284.59,40.2,46.3,166.42,41.31,3.1
Brno,CZ002C1,CZ06,CZ,2018,78.0,377.85,15.2,4.9,69.3,25.8,61.0,2972.0,40.3,44.15,161.92,62.5,2.3
Brussels,BE001C1,BE1,BE,2012,80.1,372.54,12.0,31.7,25.6,42.7,32.0,2621.83,37.0,90.0,83.68,15.24,17.4
Brussels,BE001C1,BE1,BE,2013,80.6,374.34,8.9,32.4,26.1,41.5,21.0,2871.48,37.3,57.9,136.27,17.02,19.2
Brussels,BE001C1,BE1,BE,2014,81.1,375.33,10.1,32.0,24.4,43.5,24.0,2138.45,37.2,66.96,115.01,9.74,18.3
Brussels,BE001C1,BE1,BE,2015,80.9,379.23,11.1,30.2,26.4,43.4,24.0,2496.0,37.4,68.04,111.71,31.89,17.3
Brussels,BE001C1,BE1,BE,2016,81.3,381.86,11.0,29.1,26.9,44.1,14.0,2556.95,37.1,70.47,152.1,24.85,16.8
Brussels,BE001C1,BE1,BE,2017,81.2,382.69,12.4,27.1,26.3,46.6,20.0,2448.02,37.3,64.96,148.19,17.71,14.9
Brussels,BE001C1,BE1,BE,2018,81.5,388.06,9.7,26.7,25.8,47.5,17.0,2383.35,37.2,63.29,151.72,40.87,13.2
Bucharest,RO001C1,RO32,RO,2012,76.0,265.34,14.1,11.6,56.5,31.9,63.0,2695.19,40.6,140.71,-17.36,360.36,6.5
Bucharest,RO001C1,RO32,RO,2013,76.6,277.56,13.0,11.6,55.3,33.1,59.0,2484.49,40.5,91.85,28.34,190.98,8.0
Bucharest,RO001C1,RO32,RO,2014,76.7,277.63,15.1,14.5,50.4,35.0,57.0,2535.2,40.5,92.66,28.24,141.36,7.2
Bucharest,RO001C1,RO32,RO,2015,76.7,284.48,14.2,14.5,51.9,33.6,55.0,2401.95,40.3,76.06,52.92,270.13,5.3
Bucharest,RO001C1,RO32,RO,2016,76.7,295.66,12.4,13.0,51.9,35.1,58.0,2523.58,40.3,72.39,123.66,261.86,4.7
Bucharest,RO001C1,RO32,RO,2017,76.7,301.5,12.6,10.9,53.0,36.1,63.0,2537.43,40.2,71.28,122.98,246.97,4.3
Bucharest,RO001C1,RO32,RO,2018,76.9,312.62,13.5,11.0,51.5,37.5,48.0,2431.79,40.3,72.08,122.89,213.21,3.6
Budapest,HU001C1,HU11,HU,2012,77.5,:,,8.0,51.7,40.4,29.0,2673.06,39.7,90.25,49.37,220.45,8.5
Budapest,HU001C1,HU11,HU,2013,77.9,:,12.1,8.0,51.7,40.4,29.0,2611.98,39.7,62.8,79.75,180.25,8.5
Budapest,HU001C1,HU11,HU,2014,78.3,527.71,14.1,8.3,49.1,42.5,29.0,2196.07,40.3,55.1,74.71,84.79,6.0
Budapest,HU001C1,HU11,HU,2015,77.8,508.95,15.3,7.9,47.4,44.7,30.0,2515.21,40.4,52.08,86.18,230.17,5.1
Budapest,HU001C1,HU11,HU,2016,78.3,484.67,12.8,8.4,49.8,41.9,32.0,2664.71,39.9,52.69,136.9,78.56,4.3
Budapest,HU001C1,HU11,HU,2017,78.2,541.74,14.9,7.8,50.4,41.7,28.0,2674.48,39.8,52.35,132.89,159.66,2.9
Budapest,HU001C1,HU11,HU,2018,78.4,553.11,13.9,7.1,46.4,46.5,29.0,2414.87,39.4,54.57,125.49,164.93,3.1
Cluj-Napoca,RO002C1,RO11,RO,2013,75.7,345.97,14.6,25.2,60.6,14.2,90.0,2979.3,40.3,42.67,87.71,54.73,4.1
Cluj-Napoca,RO002C1,RO11,RO,2014,75.5,351.33,15.3,27.2,58.6,14.2,88.0,2581.46,40.1,37.72,107.89,33.55,3.8
Cluj-Napoca,RO002C1,RO11,RO,2015,75.5,360.55,17.2,24.4,58.1,17.4,99.0,2926.77,39.9,37.15,117.97,127.5,4.6
Cluj-Napoca,RO002C1,RO11,RO,2016,75.8,369.99,17.4,24.5,58.1,17.4,91.0,3070.74,40.0,33.23,166.61,42.11,4.3
Cluj-Napoca,RO002C1,RO11,RO,2017,75.9,385.74,17.2,24.4,58.5,17.1,88.0,3042.7,39.9,36.11,160.81,88.47,3.6
Cluj-Napoca,RO002C1,RO11,RO,2018,75.8,399.38,17.5,22.1,60.2,17.7,96.0,2734.97,39.9,37.56,156.16,46.11,2.9
Cologne,DE004C1,DEA2,DE,2013,80.7,407.18,10.9,18.4,52.3,29.3,27.0,3046.01,35.2,40.8,,30.42,5.8
Cologne,DE004C1,DEA2,DE,2014,81.2,414.97,10.7,17.7,53.9,28.3,25.0,2343.24,35.2,38.94,,11.78,5.3
Cologne,DE004C1,DEA2,DE,2015,80.8,417.28,10.0,17.7,53.8,28.5,28.0,2658.24,35.3,33.45,,47.22,4.8
Constanta,RO501C1,RO22,RO,2012,73.8,204.59,9.8,30.0,57.7,12.3,124.0,2818.64,40.7,36.67,76.83,305.31,9.4
Constanta,RO501C1,RO22,RO,2013,74.5,209.24,10.1,29.5,58.1,12.4,108.0,2588.58,40.6,25.29,81.99,137.63,9.5
Copenhagen,DK001C1,DK01,DK,2012,80.0,453.25,4.9,17.9,36.0,46.1,20.0,3376.64,33.3,34.17,155.4,0.55,8.4
Copenhagen,DK001C1,DK01,DK,2013,80.2,456.07,5.1,17.7,35.4,46.9,14.0,3334.69,33.3,32.4,165.68,1.74,7.7
Copenhagen,DK001C1,DK01,DK,2014,80.7,458.39,6.3,16.8,35.6,47.5,17.0,2818.49,33.2,32.76,174.66,4.13,7.5
Copenhagen,DK001C1,DK01,DK,2015,80.6,463.27,6.7,16.7,35.5,47.8,20.0,3050.89,33.3,28.82,175.3,0.79,6.8
Copenhagen,DK001C1,DK01,DK,2016,80.8,472.39,5.3,15.1,35.7,49.2,29.0,3089.78,33.1,27.21,194.15,1.69,6.2
Copenhagen,DK001C1,DK01,DK,2017,81.0,478.39,5.1,15.3,35.0,49.7,18.0,3102.71,33.0,24.55,184.09,0.0,6.2
Copenhagen,DK001C1,DK01,DK,2018,81.1,489.91,5.3,15.1,34.0,50.8,14.0,3023.04,33.0,23.4,192.9,16.53,5.4
Cork,IE002C1,IE05,IE,2015,81.0,,12.4,20.5,39.3,40.3,42.0,2750.48,35.8,12.07,,0.0,10.7
Cork,IE002C1,IE05,IE,2017,81.8,,12.9,18.1,39.3,42.6,36.0,2542.85,36.1,18.51,187.33,0.0,7.0
Cork,IE002C1,IE05,IE,2018,81.8,,13.0,17.9,39.6,42.5,33.0,2614.06,36.6,,189.09,0.0,6.2
Dublin,IE001C1,IE06,IE,2012,,,8.8,23.3,32.1,44.6,36.0,2994.21,35.2,37.5,117.57,0.0,14.6
Dublin,IE001C1,IE06,IE,2013,81.3,,10.6,20.9,32.7,46.4,36.0,2965.55,35.5,32.86,135.81,0.0,13.6
Dublin,IE001C1,IE06,IE,2014,81.8,,12.3,17.8,34.3,47.9,36.0,2756.54,35.8,31.14,123.66,0.0,11.5
Dublin,IE001C1,IE06,IE,2015,81.7,,12.5,16.9,33.8,49.2,20.0,3019.61,36.0,30.69,128.71,0.0,9.4
Dublin,IE001C1,IE06,IE,2016,82.2,,12.2,16.8,33.6,49.6,34.0,2863.94,36.0,32.7,160.23,0.0,8.2
Dublin,IE001C1,IE06,IE,2017,82.4,,11.9,16.1,33.2,50.7,25.0,2765.17,36.4,32.99,154.93,0.0,6.7
Dublin,IE001C1,IE06,IE,2018,82.6,,12.5,15.1,33.1,51.7,22.0,2835.07,36.5,35.22,147.02,0.0,5.6
Dusseldorf,DE011C1,DEA1,DE,2013,79.9,407.18,11.9,19.0,56.4,24.6,19.0,2923.44,35.1,33.33,,32.66,6.4
Dusseldorf,DE011C1,DEA1,DE,2015,80.1,417.28,10.8,18.6,56.6,24.8,26.0,2545.18,35.1,38.74,,45.32,5.9
Eindhoven,NL005C1,NL41,NL,2015,81.5,246.02,12.3,25.2,41.6,33.2,47.0,2539.36,30.2,34.48,,24.19,6.5
Eindhoven,NL005C1,NL41,NL,2017,81.7,254.88,10.6,23.5,42.1,34.4,39.0,2469.25,30.5,20.53,196.38,13.84,4.2
Eindhoven,NL005C1,NL41,NL,2018,81.9,259.01,10.8,22.2,41.8,36.0,59.0,2458.21,30.5,,208.04,41.33,3.5
Frankfurt,DE005C1,DE71,DE,2012,81.4,382.41,11.4,14.0,53.8,32.2,32.0,2923.24,35.9,63.96,,23.46,4.8
Frankfurt,DE005C1,DE71,DE,2013,81.2,386.74,10.6,14.7,52.8,32.5,26.0,3075.03,35.6,39.87,,42.85,4.3
Frankfurt,DE005C1,DE71,DE,2014,81.9,391.39,11.1,15.2,52.8,32.0,26.0,2441.32,35.5,31.29,214.97,18.03,4.5
Frankfurt,DE005C1,DE71,DE,2015,81.3,395.61,10.3,15.3,52.3,32.3,32.0,2724.91,35.4,35.85,210.97,95.75,4.1
Frankfurt,DE005C1,DE71,DE,2016,81.9,399.02,10.8,15.8,50.8,33.3,34.0,2867.05,35.1,40.72,,23.95,4.0
Frankfurt,DE005C1,DE71,DE,2017,81.8,406.06,9.3,15.8,49.9,34.4,28.0,2802.45,35.2,37.27,170.6,21.1,3.5
Frankfurt,DE005C1,DE71,DE,2018,81.8,413.51,9.4,15.9,50.2,33.9,35.0,2557.76,35.1,40.58,183.57,84.27,3.1
Gdansk,PL006C1,PL63,PL,2013,77.9,200.03,16.0,11.3,62.0,26.7,77.0,3562.7,41.2,32.18,,11.25,10.1
Gdansk,PL006C1,PL63,PL,2015,78.0,226.09,16.1,10.1,61.8,28.1,75.0,3252.22,41.3,34.97,140.64,19.97,6.6
Gdansk,PL006C1,PL63,PL,2016,78.3,237.83,16.8,8.9,60.5,30.6,63.0,3346.86,41.1,32.68,176.11,7.66,5.7
Gdansk,PL006C1,PL63,PL,2017,78.4,238.04,16.7,8.2,58.9,32.8,59.0,3363.59,41.1,31.03,171.53,0.13,4.2
Gdansk,PL006C1,PL63,PL,2018,78.2,,17.8,8.2,59.0,32.8,64.0,3232.12,41.1,28.71,158.57,22.05,3.0
Gent,BE003C1,BE23,BE,2013,81.1,269.12,9.8,24.7,38.0,37.3,53.0,2787.88,38.0,37.07,,15.09,4.0
Gent,BE003C1,BE23,BE,2014,82.1,271.85,9.0,25.8,37.5,36.7,57.0,2036.87,37.4,37.76,,7.66,4.3
Gent,BE003C1,BE23,BE,2015,81.5,276,6.3,24.4,38.1,37.5,68.0,2390.52,37.5,42.23,,19.78,4.4
Gent,BE003C1,BE23,BE,2016,82.2,280.96,8.1,23.2,37.2,39.6,56.0,2464.28,37.5,46.6,,23.6,4.2
Gent,BE003C1,BE23,BE,2017,82.2,281.62,10.3,21.0,36.5,42.6,42.0,2350.29,38.0,48.08,,18.26,3.4
Gothenburg,SE002C1,SE23,SE,2013,82.1,404.54,5.0,17.5,46.0,36.5,27.0,3854.43,36.2,30.58,,0.07,8.0
Gothenburg,SE002C1,SE23,SE,2014,82.4,409.84,3.8,16.8,44.4,38.8,27.0,3365.17,36.2,25.59,,1.4,7.6
Gothenburg,SE002C1,SE23,SE,2015,82.4,421.43,3.7,16.4,44.4,39.2,27.0,3489.14,36.3,21.73,,0.01,6.6
Gothenburg,SE002C1,SE23,SE,2016,82.5,430.12,3.3,15.5,44.4,40.0,34.0,3648.74,36.6,25.43,,0.0,6.5
Gothenburg,SE002C1,SE23,SE,2017,82.5,431.79,4.6,14.9,44.5,40.6,24.0,3588.67,36.5,20.53,177.88,0.0,6.0
Gothenburg,SE002C1,SE23,SE,2018,82.6,,4.4,14.4,43.3,42.2,32.0,3538.28,36.5,20.23,183.85,9.63,5.6
Hamburg,DE002C1,DE60,DE,2012,80.7,588.1,8.4,15.2,53.6,31.2,19.0,3176.8,36.4,7.5,,8.15,5.3
Hamburg,DE002C1,DE60,DE,2013,80.7,597.54,7.1,15.8,52.7,31.6,15.0,3240.75,36.0,20.02,201.55,5.63,4.7
Hamburg,DE002C1,DE60,DE,2014,81.2,604.25,8.4,16.0,50.4,33.6,22.0,2628.55,36.0,31.88,,4.33,5.0
Hamburg,DE002C1,DE60,DE,2015,80.9,611.85,6.9,14.7,50.4,34.9,11.0,2897.54,36.0,32.87,164.35,15.43,4.3
Hamburg,DE002C1,DE60,DE,2016,81.2,614.42,7.1,14.2,49.4,36.4,16.0,2973.53,36.2,31.07,186.29,12.39,4.1
Hamburg,DE002C1,DE60,DE,2017,81.1,622.08,8.0,15.7,48.6,35.7,15.0,2879.05,36.0,27.52,168.7,0.0,4.2
Hamburg,DE002C1,DE60,DE,2018,81.1,629.07,7.3,15.5,47.7,36.9,16.0,2788.25,36.0,31.37,176.03,57.73,4.1
Iasi,RO502C1,RO21,RO,2013,74.6,209.24,10.1,28.9,59.2,11.9,96.0,3210.07,40.2,92.53,,25.44,4.4
Iasi,RO502C1,RO21,RO,2014,74.3,212.35,9.7,32.7,55.3,12.0,90.0,3202.33,40.2,74.48,,28.71,4.2
Iasi,RO502C1,RO21,RO,2015,74.3,209.64,13.0,31.8,56.7,11.6,100.0,3029.97,39.9,74.35,,140.11,3.6
Iasi,RO502C1,RO21,RO,2016,74.6,221.42,13.9,30.7,57.7,11.5,106.0,3149.89,40.0,60.48,,71.94,3.0
Iasi,RO502C1,RO21,RO,2017,74.4,234.52,14.0,30.0,57.9,12.1,103.0,3146.18,39.7,61.27,136.59,78.08,2.9
Iasi,RO502C1,RO21,RO,2018,74.1,244.03,15.1,29.2,58.1,12.7,99.0,3161.31,39.5,57.38,136.31,28.48,2.4
Kaunas,LT002C1,LT02,LT,2013,74.3,552.59,3.8,7.6,61.3,31.0,99.0,3865.69,37.9,20.11,,9.67,12.6
Krakow (Cracow),PL003C1,PL2,PL,2012,78.1,233.4,14.0,7.6,68.2,24.3,75.0,3526.14,40.1,84.17,,32.04,9.8
Krakow (Cracow),PL003C1,PL2,PL,2013,78.5,234.36,15.1,7.1,67.6,25.3,62.0,3489.01,40.0,67.95,,36.33,10.2
Krakow (Cracow),PL003C1,PL2,PL,2014,79.1,228.77,13.5,6.8,67.3,25.9,61.0,2961.29,40.2,71.79,,4.82,8.8
Krakow (Cracow),PL003C1,PL2,PL,2015,78.8,230.46,13.9,6.7,66.5,26.8,58.0,3115.89,40.3,67.81,90.02,86.14,7.2
Krakow (Cracow),PL003C1,PL2,PL,2016,79.3,243.99,15.0,6.7,64.7,28.6,56.0,3274.74,40.3,69.72,139.68,14.9,5.3
Krakow (Cracow),PL003C1,PL2,PL,2017,79.1,245.59,13.2,6.0,63.6,30.5,56.0,3365.89,40.1,68.86,138.73,35.1,4.0
Krakow (Cracow),PL003C1,PL2,PL,2018,79.1,,14.2,5.3,63.6,31.1,56.0,3097.05,40.1,70.53,132.39,15.71,3.2
Lisbon,PT001C1,PT17,PT,2012,81.0,560.49,1.4,51.5,23.5,24.9,38.0,866.03,40.1,51.89,102.92,158.52,17.7
Lisbon,PT001C1,PT17,PT,2013,81.3,573.2,3.0,47.8,25.2,27.0,37.0,867.93,40.3,36.97,108.25,242.4,18.6
Lisbon,PT001C1,PT17,PT,2014,81.7,588.03,3.4,43.3,25.7,31.0,37.0,793.74,40.6,34.61,107.61,57.21,15.0
Lisbon,PT001C1,PT17,PT,2015,81.6,603.75,3.9,41.2,26.3,32.5,31.0,730.11,39.9,35.16,116.23,115.43,13.1
Lisbon,PT001C1,PT17,PT,2016,81.7,619.06,2.0,40.4,27.3,32.3,30.0,786.01,39.8,34.41,175.44,228.16,11.9
Lisbon,PT001C1,PT17,PT,2017,82.0,631.44,4.6,39.7,27.6,32.6,34.0,690.91,40.0,34.26,167.53,228.9,9.5
Lisbon,PT001C1,PT17,PT,2018,81.7,643.2,4.8,38.5,28.7,32.8,47.0,877.61,39.8,36.29,155.28,213.11,7.5
Ljubljana,SI001C1,SI04,SI,2012,80.3,297.56,6.4,12.1,56.6,31.3,55.0,2839.0,39.8,35.0,111.73,83.02,7.6
Ljubljana,SI001C1,SI04,SI,2013,80.5,302.13,8.8,11.1,56.0,32.9,55.0,2846.7,39.3,28.17,125.62,90.63,8.7
Ljubljana,SI001C1,SI04,SI,2014,81.2,,9.2,11.9,55.1,33.1,55.0,2339.31,39.2,31.84,122.43,13.31,8.2
Ljubljana,SI001C1,SI04,SI,2015,80.9,,9.4,11.1,53.9,35.0,58.0,2695.27,39.1,33.08,137.01,109.22,7.5
Ljubljana,SI001C1,SI04,SI,2016,81.2,,8.1,11.3,53.4,35.3,57.0,2736.39,39.1,33.0,169.87,39.19,7.1
Ljubljana,SI001C1,SI04,SI,2017,81.2,,8.8,10.4,52.0,37.5,41.0,2833.85,38.9,27.53,168.45,80.03,6.4
Ljubljana,SI001C1,SI04,SI,2018,81.5,,6.3,9.6,52.7,37.7,34.0,2561.14,39.2,26.93,168.19,61.28,4.8
Luxembourg,LU001C1,LU00,LU,2014,82.3,288.14,12.9,18.0,36.0,45.9,64.0,2515.66,37.4,39.31,,13.43,5.9
Luxembourg,LU001C1,LU00,LU,2015,82.4,290.73,11.7,24.0,34.9,41.1,64.0,2850.7,37.4,24.77,,68.27,6.7
Luxembourg,LU001C1,LU00,LU,2017,82.1,298.49,7.9,23.6,36.4,39.9,42.0,2871.62,37.4,20.39,187.65,23.52,5.5
Luxembourg,LU001C1,LU00,LU,2018,82.3,,8.0,21.4,34.5,44.1,60.0,2666.78,37.6,,195.15,51.87,5.6
Lyon,FR003C2,FRK2,FR,2015,83.2,309.36,7.5,18.7,43.8,37.5,51.0,2595.77,37.4,37.24,,117.83,9.1
Lyon,FR003C2,FRK2,FR,2017,83.5,313,7.9,17.3,43.5,39.2,49.0,2728.69,37.3,45.68,,93.89,7.3
Lyon,FR003C2,FRK2,FR,2018,83.8,313.74,7.8,17.0,42.3,40.7,55.0,2464.1,37.4,44.48,,83.5,7.3
Madrid,ES001C1,ES30,ES,2012,84.2,459.5,7.1,30.7,24.8,44.5,21.0,2024.93,38.8,86.67,108.58,325.47,18.6
Madrid,ES001C1,ES30,ES,2013,84.8,440.07,8.5,29.5,24.5,46.0,20.0,2083.11,38.7,56.32,119.61,311.83,19.8
Madrid,ES001C1,ES30,ES,2014,84.9,458.52,9.6,27.9,24.9,47.2,18.0,1590.45,38.7,63.54,95.29,224.19,18.8
Madrid,ES001C1,ES30,ES,2015,84.5,473.63,9.1,28.5,24.6,46.9,17.0,1640.31,38.4,59.35,111.9,433.0,17.1
Madrid,ES001C1,ES30,ES,2016,85.2,463.22,9.0,28.9,24.5,46.6,19.0,1872.87,38.3,61.39,167.74,441.46,15.7
Madrid,ES001C1,ES30,ES,2017,85.1,445.5,9.0,27.1,25.9,47.0,19.0,1661.42,38.1,54.94,164.94,421.4,13.4
Madrid,ES001C1,ES30,ES,2018,85.5,456.52,9.7,27.7,25.1,47.2,17.0,1952.94,37.9,54.78,156.69,354.06,12.2
Milan,IT002C1,ITC4,IT,2012,82.8,357.99,17.8,40.1,43.5,16.5,57.0,2622.49,37.5,120.0,13.59,217.35,7.4
Milan,IT002C1,ITC4,IT,2013,83.5,360.2,16.0,38.8,44.0,17.2,43.0,2651.64,37.3,79.0,62.4,160.63,8.0
Milan,IT002C1,ITC4,IT,2014,83.9,358.6,15.8,37.9,44.2,17.9,45.0,2188.3,37.4,74.36,56.18,70.67,8.2
Milan,IT002C1,ITC4,IT,2015,83.2,354.45,17.2,36.9,43.8,19.3,48.0,2386.95,37.5,73.52,61.89,231.93,7.9
Milan,IT002C1,ITC4,IT,2016,84.0,366.76,17.7,36.8,43.9,19.3,43.0,2479.71,37.5,63.08,138.06,173.52,7.4
Milan,IT002C1,ITC4,IT,2017,83.8,369.54,17.3,35.9,43.6,20.4,42.0,2486.7,37.6,63.64,128.81,233.0,6.4
Milan,IT002C1,ITC4,IT,2018,84.0,368.24,17.6,35.0,43.8,21.2,48.0,2355.95,37.6,63.85,126.1,213.58,6.0
Munich,DE003L1,DE21,DE,2012,81.9,411.56,10.7,10.4,53.2,36.4,47.0,3299.75,36.4,36.67,,10.31,2.7
Munich,DE003L1,DE21,DE,2013,82.1,421.91,10.2,10.1,52.9,37.0,47.0,3453.46,36.3,21.09,210.24,32.41,2.5
Munich,DE003L1,DE21,DE,2014,82.6,427.04,10.1,9.6,53.2,37.1,48.0,2849.95,36.2,18.98,,4.09,2.5
Munich,DE003L1,DE21,DE,2015,82.1,433.21,9.7,9.4,53.5,37.1,38.0,3103.4,36.2,21.82,196.87,63.1,2.7
Munich,DE003L1,DE21,DE,2016,82.5,437.79,9.3,9.9,51.7,38.4,41.0,3173.61,36.1,17.84,210.86,4.75,2.4
Munich,DE003L1,DE21,DE,2017,82.5,442.11,9.2,9.4,51.1,39.5,36.0,3264.4,36.2,17.42,191.86,18.32,2.2
Munich,DE003L1,DE21,DE,2018,82.7,448.64,8.0,9.7,49.7,40.6,44.0,2896.07,36.0,18.71,194.65,24.01,2.3
Paris,FR001C1,FR10,FR,2012,83.6,395.21,9.0,26.4,32.4,41.2,27.0,2451.32,38.9,74.17,72.12,23.62,8.1
Paris,FR001C1,FR10,FR,2013,83.9,394.98,7.7,24.5,33.6,41.9,24.0,2684.73,37.9,58.11,97.86,34.98,9.0
Paris,FR001C1,FR10,FR,2014,84.4,394.85,6.7,21.9,34.2,43.9,26.0,2073.41,37.7,62.47,94.51,11.98,9.7
Paris,FR001C1,FR10,FR,2015,83.9,394.8,6.6,20.7,33.0,46.3,28.0,2286.32,37.9,66.15,88.14,50.62,9.6
Paris,FR001C1,FR10,FR,2016,84.2,395.43,7.9,19.9,32.8,47.3,24.0,2497.81,38.1,64.75,141.15,39.59,9.2
Paris,FR001C1,FR10,FR,2017,84.2,393.88,8.1,20.5,31.6,47.9,26.0,2338.43,38.1,68.46,127.47,41.92,8.7
Paris,FR001C1,FR10,FR,2018,84.5,389.82,7.4,20.3,30.4,49.3,25.0,2230.64,38.0,66.5,128.54,53.16,8.8
Porto,PT002C1,PT11,PT,2012,80.9,387.27,10.1,68.8,14.8,16.4,64.0,1797.47,39.5,60.62,104.21,75.13,16.3
Porto,PT002C1,PT11,PT,2013,81.3,408.16,9.0,66.6,16.8,16.5,53.0,1832.17,39.5,41.81,116.84,138.67,17.4
Porto,PT002C1,PT11,PT,2014,81.7,424.75,10.3,62.8,19.0,18.2,59.0,1559.33,40.0,39.0,123.2,43.19,15.0
Porto,PT002C1,PT11,PT,2015,81.7,447.63,9.3,61.5,19.8,18.7,43.0,1548.75,39.6,43.82,118.5,94.03,13.8
Porto,PT002C1,PT11,PT,2016,81.7,469.04,10.5,59.3,20.5,20.2,39.0,1724.24,39.6,42.54,171.18,155.54,12.2
Porto,PT002C1,PT11,PT,2017,82.0,490.03,9.6,58.0,21.4,20.5,52.0,1484.01,39.8,40.52,167.69,138.99,9.8
Porto,PT002C1,PT11,PT,2018,82.0,511.33,7.9,55.6,22.7,21.8,54.0,1742.06,39.8,38.99,157.47,126.37,7.4
Poznan,PL005C1,PL41,PL,2013,77.2,147.05,20.7,8.8,67.8,23.4,84.0,3396.05,41.7,34.48,,36.22,8.8
Poznan,PL005C1,PL41,PL,2014,77.8,159.76,19.0,8.8,66.7,24.6,78.0,2904.0,41.8,35.46,,38.37,7.7
Poznan,PL005C1,PL41,PL,2015,77.4,151.65,17.5,8.4,65.9,25.7,71.0,2960.15,41.6,40.48,111.48,81.1,5.8
Poznan,PL005C1,PL41,PL,2017,77.9,161.29,18.3,6.9,67.8,25.2,85.0,3100.47,41.0,46.21,,11.8,3.1
Prague,CZ001C1,CZ01,CZ,2012,79.7,678.9,17.7,3.9,58.6,37.5,24.0,3085.28,41.1,59.0,85.7,52.92,3.1
Prague,CZ001C1,CZ01,CZ,2013,80.1,694.78,17.0,3.1,58.5,38.4,29.0,3239.67,40.8,38.68,116.55,58.9,3.1
Prague,CZ001C1,CZ01,CZ,2014,80.3,,15.8,2.7,57.0,40.3,20.0,2588.09,40.5,35.13,125.25,29.21,2.5
Prague,CZ001C1,CZ01,CZ,2015,80.3,,17.2,3.3,56.2,40.5,23.0,2745.77,40.8,38.15,132.25,155.92,2.8
Prague,CZ001C1,CZ01,CZ,2016,80.6,,15.7,2.8,53.9,43.3,21.0,2944.34,40.2,42.09,163.95,26.49,2.2
Prague,CZ001C1,CZ01,CZ,2017,80.8,,16.8,2.4,52.0,45.6,14.0,2985.34,40.4,37.62,160.99,53.47,1.7
Prague,CZ001C1,CZ01,CZ,2018,80.8,738.11,16.0,2.9,50.8,46.4,28.0,2725.36,40.7,36.8,160.31,99.35,1.3
Riga,LV001C1,LV00,LV,2013,74.3,333.46,4.2,10.6,58.3,31.0,88.0,4036.79,38.8,38.79,,5.04,11.9
Riga,LV001C1,LV00,LV,2014,74.5,335.88,4.6,10.5,59.3,30.2,106.0,3939.85,39.1,43.61,,14.85,10.8
Riga,LV001C1,LV00,LV,2015,74.8,341.49,4.1,9.9,58.5,31.6,95.0,3657.39,39.0,46.49,90.86,4.1,9.9
Riga,LV001C1,LV00,LV,2016,74.9,345.65,2.9,9.3,57.4,33.4,80.0,4002.81,38.7,38.8,,5.09,9.6
Riga,LV001C1,LV00,LV,2017,74.9,346.82,4.3,9.6,56.5,33.9,70.0,3997.38,38.8,33.94,139.49,0.91,8.7
Riga,LV001C1,LV00,LV,2018,75.1,348.34,4.2,9.3,56.7,33.9,77.0,3862.19,38.9,37.95,140.25,24.09,7.4
Rome,IT001C1,ITI4,IT,2012,82.6,470.4,19.9,32.4,47.1,20.4,70.0,1647.14,36.5,102.96,-21.48,348.91,10.6
Rome,IT001C1,ITI4,IT,2013,83.2,465.57,18.7,31.7,47.3,21.0,66.0,1600.88,36.4,67.83,20.41,202.53,12.0
Rome,IT001C1,ITI4,IT,2014,83.5,453.55,16.7,29.9,46.8,23.3,63.0,1320.79,36.2,71.01,25.05,109.14,12.5
Rome,IT001C1,ITI4,IT,2015,83.0,443.96,17.7,30.4,46.3,23.3,63.0,1505.68,36.2,69.44,27.65,338.93,11.8
Rome,IT001C1,ITI4,IT,2016,83.6,458.27,18.0,30.9,46.1,23.1,59.0,1388.53,36.5,72.77,119.69,224.74,11.2
Rome,IT001C1,ITI4,IT,2017,83.3,459.22,17.9,30.3,44.8,24.9,60.0,1560.67,36.6,66.63,113.99,333.13,10.7
Rome,IT001C1,ITI4,IT,2018,83.9,457.67,17.2,30.1,44.4,25.6,57.0,1375.07,36.6,67.5,109.84,237.2,11.2
Rotterdam,NL003C1,NL33,NL,2013,81.6,325.56,11.8,24.6,40.6,34.8,24.0,2916.02,30.7,26.44,,11.85,8.0
Rotterdam,NL003C1,NL33,NL,2014,82.0,333.79,13.1,25.0,40.8,34.2,22.0,2179.19,30.6,57.01,,10.22,8.4
Rotterdam,NL003C1,NL33,NL,2015,81.8,339.2,12.3,24.9,38.9,36.1,24.0,2531.7,30.6,56.45,,12.13,7.8
Rotterdam,NL003C1,NL33,NL,2017,82.0,353.15,11.9,22.0,40.4,37.6,27.0,2424.86,30.7,40.74,166.8,5.93,5.6
Rotterdam,NL003C1,NL33,NL,2018,81.9,363.24,10.7,21.5,39.6,38.9,27.0,2453.23,30.8,,177.83,24.68,4.3
Seville (Sevilla),ES004C1,ES61,ES,2013,81.8,260.35,11.3,52.9,19.7,27.3,34.0,1288.99,37.7,32.07,,372.48,36.2
Seville (Sevilla),ES004C1,ES61,ES,2014,82.1,272.75,12.6,52.4,20.0,27.6,34.0,1063.68,37.3,43.19,,327.79,34.8
Seville (Sevilla),ES004C1,ES61,ES,2015,81.6,294.81,13.4,51.4,20.2,28.3,31.0,1022.44,37.0,39.84,136.0,488.49,31.6
Sofia,BG001C1,BG41,BG,2012,73.8,408.18,5.6,8.7,58.3,33.0,65.0,2924.1,40.3,94.58,30.03,143.71,8.2
Sofia,BG001C1,BG41,BG,2013,74.3,416.43,5.0,8.6,56.2,35.1,61.0,2645.63,40.2,77.58,53.17,61.94,9.8
Sofia,BG001C1,BG41,BG,2014,74.0,418.53,3.3,9.3,53.2,37.5,68.0,2587.35,40.2,67.68,61.51,31.69,8.9
Sofia,BG001C1,BG41,BG,2015,74.1,422.88,2.7,9.1,52.3,38.6,72.0,2737.21,40.4,62.96,68.83,116.05,6.7
Sofia,BG001C1,BG41,BG,2016,74.4,431.15,4.2,8.9,51.7,39.4,60.0,2664.64,40.5,58.33,137.56,79.73,5.4
Sofia,BG001C1,BG41,BG,2017,74.2,447.57,5.9,8.1,52.7,39.2,63.0,2813.97,40.4,60.97,134.23,131.95,3.3
Sofia,BG001C1,BG41,BG,2018,74.4,441.45,5.2,8.0,52.2,39.8,59.0,2503.26,40.4,62.77,125.65,34.26,2.6
Stockholm,SE001C1,SE11,SE,2012,82.4,459.03,4.5,14.9,40.7,44.4,15.0,4129.24,36.6,20.0,166.05,0.0,6.8
Stockholm,SE001C1,SE11,SE,2013,82.8,464.1,5.0,14.7,39.6,45.7,10.0,3978.9,36.3,12.81,175.73,0.0,6.9
Stockholm,SE001C1,SE11,SE,2014,82.7,471.76,4.1,14.2,38.2,47.6,16.0,3725.46,36.4,14.72,160.86,3.55,7.1
Stockholm,SE001C1,SE11,SE,2015,82.7,475.04,4.4,13.5,37.8,48.7,6.0,3603.41,36.5,12.38,174.12,0.0,7.0
Stockholm,SE001C1,SE11,SE,2016,82.9,477.95,4.6,12.7,36.9,50.4,12.0,3912.36,36.5,11.35,180.51,0.0,6.5
Stockholm,SE001C1,SE11,SE,2017,83.1,478.9,4.1,13.1,36.0,51.0,19.0,3863.07,36.6,16.27,160.24,0.0,6.3
Stockholm,SE001C1,SE11,SE,2018,83.0,,2.5,12.3,35.5,52.3,13.0,3800.88,36.6,17.19,164.16,28.35,5.6
Stuttgart,DE007C1,DE11,DE,2013,82.0,404.95,11.1,14.2,53.2,32.5,41.0,3232.98,35.0,24.71,,37.27,3.7
Stuttgart,DE007C1,DE11,DE,2015,81.9,399.45,9.8,13.8,53.8,32.4,32.0,2829.35,34.9,29.24,,101.53,3.4
Stuttgart,DE007C1,DE11,DE,2017,82.3,405.54,9.8,13.9,53.4,32.6,31.0,2969.24,34.8,39.25,,22.36,3.0
Stuttgart,DE007C1,DE11,DE,2018,82.3,408.58,10.1,13.8,53.4,32.7,38.0,2656.05,34.6,36.88,,58.44,2.3
Tallinn,EE001C1,EE00,EE,2013,77.5,333.46,6.6,9.4,53.2,37.4,61.0,4154.32,38.8,16.38,147.99,3.38,8.6
Tallinn,EE001C1,EE00,EE,2014,77.4,335.88,7.7,11.8,50.6,37.6,59.0,4143.17,38.9,9.57,140.7,9.23,7.4
Tallinn,EE001C1,EE00,EE,2015,78.0,341.49,7.9,11.3,50.5,38.1,51.0,3795.56,38.6,15.61,139.07,0.0,6.2
Tallinn,EE001C1,EE00,EE,2016,78.0,345.65,8.2,10.9,50.2,38.9,54.0,4208.45,38.4,17.0,174.62,1.52,6.8
Tallinn,EE001C1,EE00,EE,2017,78.4,346.82,7.3,11.2,49.1,39.7,36.0,4209.57,38.5,21.16,165.57,0.0,5.8
Tallinn,EE001C1,EE00,EE,2018,78.5,348.34,7.8,10.8,48.1,41.2,51.0,4064.64,38.2,21.83,169.3,25.65,5.4
The Hague (Den Haag),NL001C1,NL33,NL,2013,81.6,325.56,11.8,24.6,40.6,34.8,24.0,2916.02,30.7,36.95,,11.85,8.0
The Hague (Den Haag),NL001C1,NL33,NL,2014,82.0,333.79,13.1,25.0,40.8,34.2,22.0,2179.19,30.6,45.4,,10.22,8.4
The Hague (Den Haag),NL001C1,NL33,NL,2015,81.8,339.2,12.3,24.9,38.9,36.1,24.0,2531.7,30.6,40.36,,12.13,7.8
The Hague (Den Haag),NL001C1,NL33,NL,2017,82.0,353.15,11.9,22.0,40.4,37.6,27.0,2424.86,30.7,32.44,,5.93,5.6
The Hague (Den Haag),NL001C1,NL33,NL,2018,81.9,363.24,10.7,21.5,39.6,38.9,27.0,2453.23,30.8,25.76,,24.68,4.3
Thessaloniki,EL002C1,EL52,EL,2012,80.8,473.7,24.1,35.6,37.3,27.1,85.0,1872.26,41.9,87.25,26.77,520.52,26.2
Thessaloniki,EL002C1,EL52,EL,2013,81.8,483.75,22.8,34.5,38.4,27.1,69.0,1659.72,42.4,62.19,70.83,378.41,30.2
Thessaloniki,EL002C1,EL52,EL,2014,81.7,496.28,21.1,33.7,39.1,27.3,66.0,1549.87,42.2,47.28,96.01,308.97,28.7
Thessaloniki,EL002C1,EL52,EL,2015,81.7,505.36,19.0,31.8,39.1,29.1,65.0,1762.26,41.9,44.02,119.46,387.69,26.0
Thessaloniki,EL002C1,EL52,EL,2016,81.9,511.5,20.1,29.2,39.5,31.3,76.0,1678.92,42.5,57.92,176.15,392.83,24.5
Thessaloniki,EL002C1,EL52,EL,2017,81.8,522.26,20.9,27.7,41.2,31.1,56.0,1827.14,42.3,62.96,150.11,399.79,22.9
Thessaloniki,EL002C1,EL52,EL,2018,82.6,521.27,19.0,27.6,40.8,31.7,49.0,1610.03,41.9,64.57,135.18,355.55,20.7
Timisoara,RO003C1,RO42,RO,2015,74.6,360.55,17.2,20.0,63.9,16.1,116.0,2645.31,40.0,47.99,,193.69,5.4
Timisoara,RO003C1,RO42,RO,2016,75.3,369.99,17.4,18.8,65.7,15.5,99.0,2760.29,39.9,51.93,166.14,68.21,4.9
Timisoara,RO003C1,RO42,RO,2017,75.2,385.74,17.2,18.1,66.0,16.0,119.0,2773.41,39.9,58.68,151.54,148.84,4.4
Timisoara,RO003C1,RO42,RO,2018,75.2,399.38,17.5,17.5,66.8,15.7,114.0,2469.11,40.0,62.96,146.23,76.75,3.6
Trieste,IT015C1,ITH4,IT,2013,82.6,386.34,16.7,36.6,46.1,17.3,68.0,2565.86,37.0,67.24,,161.09,7.7
Trieste,IT015C1,ITH4,IT,2014,83.4,388.44,17.0,35.4,47.4,17.2,81.0,2107.67,37.1,59.31,,50.0,8.0
Trieste,IT015C1,ITH4,IT,2015,82.8,385.08,18.5,34.5,47.8,17.6,57.0,2446.24,37.0,42.15,169.48,189.21,8.0
Trieste,IT015C1,ITH4,IT,2017,83.5,402.97,16.0,32.4,47.7,19.9,57.0,2561.88,37.1,47.14,,145.05,6.7
Turin,IT004C1,ITC1,IT,2013,82.7,352.72,14.3,40.7,43.3,15.9,59.0,2707.47,37.3,72.99,,112.16,10.6
Turin,IT004C1,ITC1,IT,2014,83.2,351.91,14.2,39.4,44.4,16.2,60.0,2285.61,37.5,76.58,,41.24,11.3
Turin,IT004C1,ITC1,IT,2015,82.5,348.91,14.8,38.6,44.8,16.6,56.0,2386.48,37.8,78.53,64.53,193.22,10.3
Turin,IT004C1,ITC1,IT,2016,83.3,359.25,13.5,39.1,43.9,17.0,56.0,2497.98,37.8,78.78,140.48,115.76,9.4
Turin,IT004C1,ITC1,IT,2017,83.0,363.05,14.0,38.7,43.2,18.1,64.0,2480.86,37.8,75.74,133.75,182.77,9.1
Turin,IT004C1,ITC1,IT,2018,83.0,365.7,15.2,37.1,43.5,19.3,57.0,2417.13,37.8,74.49,133.55,171.41,8.2
Valencia,ES003C1,ES51,ES,2014,82.8,389.95,11.3,42.6,20.4,37.0,37.0,1680.75,37.6,41.09,,122.33,20.3
Valencia,ES003C1,ES51,ES,2015,82.5,355.25,10.8,41.2,21.2,37.5,39.0,1754.89,37.7,36.61,160.6,225.79,18.6
Valencia,ES003C1,ES51,ES,2017,82.8,378.69,12.8,39.2,21.5,39.3,38.0,1745.42,37.4,42.25,,237.3,13.4
Valencia,ES003C1,ES51,ES,2018,82.9,375.76,13.5,37.6,21.6,40.8,44.0,1812.34,37.7,42.37,172.7,221.51,11.5
Varna,BG003C1,BG33,BG,2013,74.3,375,8.2,23.7,51.0,25.2,86.0,2301.69,40.9,80.6,,121.68,16.8
Varna,BG003C1,BG33,BG,2014,74.0,375.22,9.2,24.4,48.5,27.0,105.0,2384.68,41.2,86.78,,115.21,12.7
Varna,BG003C1,BG33,BG,2015,74.1,376.79,12.1,22.2,52.4,25.4,112.0,2322.22,41.4,75.31,,191.19,10.3
Varna,BG003C1,BG33,BG,2017,74.2,401.82,12.0,22.6,50.6,26.9,104.0,2495.96,41.0,67.2,,166.29,9.4
Varna,BG003C1,BG33,BG,2018,74.4,394.15,14.9,23.5,51.2,25.3,108.0,2369.49,40.7,62.66,,132.4,7.4
Vienna,AT001C1,AT13,AT,2012,80.1,664.19,7.4,17.9,54.5,27.5,14.0,2469.62,37.5,28.25,,218.24,8.9
Vienna,AT001C1,AT13,AT,2013,80.1,685.29,6.2,17.8,51.6,30.6,10.0,2605.35,37.0,24.31,,196.79,9.3
Vienna,AT001C1,AT13,AT,2014,80.5,688.54,5.6,17.2,43.7,39.1,12.0,2048.17,36.5,25.18,169.65,101.11,10.2
Vienna,AT001C1,AT13,AT,2015,80.4,683.97,5.5,17.1,43.6,39.3,7.0,2287.42,36.2,25.02,178.28,283.25,10.6
Vienna,AT001C1,AT13,AT,2016,80.9,681.16,5.2,16.9,43.2,39.9,10.0,2441.94,36.0,21.17,195.97,117.2,11.3
Vienna,AT001C1,AT13,AT,2017,80.8,684.97,6.3,16.2,41.7,42.1,11.0,2465.1,36.2,18.97,195.78,215.0,10.4
Vienna,AT001C1,AT13,AT,2018,80.6,679.56,8.0,16.6,41.1,42.3,10.0,2282.44,36.6,18.97,188.6,245.41,10.0
Vilnius,LT001C1,LT01,LT,2013,74.1,427.7,0.1,3.8,50.4,45.8,68.0,3915.48,38.7,13.22,132.57,5.81,9.7
Vilnius,LT001C1,LT01,LT,2014,74.7,430.74,0.5,4.4,48.3,47.3,68.0,3785.69,38.6,16.08,130.05,31.1,8.5
Vilnius,LT001C1,LT01,LT,2015,74.6,433.92,1.4,3.6,45.9,50.5,63.0,3577.3,38.8,26.57,120.33,24.76,7.6
Vilnius,LT001C1,LT01,LT,2016,74.9,446.69,2.7,2.5,45.1,52.4,58.0,3913.75,38.7,25.44,141.38,8.49,5.6
Vilnius,LT001C1,LT01,LT,2017,75.8,455.63,-1.1,2.2,44.5,53.3,53.0,3851.42,38.9,25.8,136.71,9.24,4.8
Vilnius,LT001C1,LT01,LT,2018,76.0,459.78,1.2,2.7,42.6,54.7,72.0,3732.59,38.8,28.34,153.47,16.6,4.6
Warsaw,PL001C1,PL91,PL,2012,76.5,,,4.4,47.6,48.0,61.0,3534.62,40.3,82.5,51.96,52.66,6.0
Warsaw,PL001C1,PL91,PL,2013,76.3,,10.7,4.4,47.6,48.0,61.0,3453.09,40.3,57.75,95.46,36.34,6.0
Warsaw,PL001C1,PL91,PL,2014,77.4,,11.4,3.9,44.4,51.7,61.0,3120.03,40.2,55.79,94.04,29.31,5.8
Warsaw,PL001C1,PL91,PL,2015,77.1,,9.8,4.0,43.9,52.1,61.0,3027.92,40.3,55.14,111.19,86.18,4.9
Warsaw,PL001C1,PL91,PL,2016,77.1,,9.7,3.7,43.0,53.3,61.0,3234.58,40.4,53.16,153.06,34.28,3.7
Warsaw,PL001C1,PL91,PL,2017,77.1,,9.9,3.1,40.2,56.7,61.0,3220.55,40.2,46.94,151.61,30.01,3.5
Warsaw,PL001C1,PL91,PL,2018,76.9,,8.2,3.0,39.6,57.4,50.0,3072.3,39.8,51.92,143.52,50.02,2.4
Wroclaw,PL004C1,PL51,PL,2013,76.9,217.35,13.9,9.6,65.3,25.1,78.0,3424.19,40.6,47.53,90.73,34.74,11.3
Wroclaw,PL004C1,PL51,PL,2014,77.4,226.01,14.1,8.1,64.7,27.2,84.0,2835.5,40.8,55.06,93.13,17.57,9.1
Wroclaw,PL004C1,PL51,PL,2015,77.2,228.15,15.0,8.7,64.1,27.2,64.0,2974.87,40.7,51.8,105.35,79.83,7.0
Wroclaw,PL004C1,PL51,PL,2016,77.7,233.72,15.4,8.7,62.5,28.8,79.0,3157.19,40.3,56.57,141.97,14.08,5.5
Wroclaw,PL004C1,PL51,PL,2017,77.4,222.14,15.0,7.3,62.9,29.8,76.0,3152.5,40.3,60.26,135.25,13.76,4.7
Wroclaw,PL004C1,PL51,PL,2018,77.2,,13.2,7.6,60.7,31.7,71.0,2923.19,40.2,58.63,137.75,38.17,3.3
Zagreb,HR001C1,HR04,HR,2012,78.6,281.37,11.5,21.9,60.5,17.6,80.0,2541.27,39.8,49.46,,189.54,16.6
Zagreb,HR001C1,HR04,HR,2013,79.3,285.74,9.2,21.4,59.4,19.2,84.0,2506.62,39.6,43.92,82.77,118.89,18.4
Zagreb,HR001C1,HR04,HR,2014,79.3,300.41,11.1,19.6,59.5,20.8,64.0,2041.79,39.7,34.93,102.87,40.83,17.4
Zagreb,HR001C1,HR04,HR,2015,78.6,303.09,11.0,19.4,58.7,21.8,73.0,2414.77,39.5,37.76,112.07,187.76,15.9
Zagreb,HR001C1,HR04,HR,2016,79.4,303.49,10.1,19.7,57.2,23.1,72.0,2478.41,39.4,37.61,159.94,72.02,12.6
Zagreb,HR001C1,HR04,HR,2017,78.9,313.63,10.7,18.6,57.7,23.6,71.0,2471.52,39.8,36.35,164.21,185.01,11.4
Zagreb,HR001C1,HR04,HR,2018,79.4,322.12,11.8,17.1,58.1,24.8,70.0,2312.4,39.9,35.85,158.15,101.92,8.0
